,prx,time (s),epc96
0,-29,29.012329,e280116060000205403de047
1,-30,29.043419,e280116060000205403de047
2,-29,29.052815,e280116060000205403de047
3,-29,29.077646,e280116060000205403de047
797,-31,29.093358,e280116060000205403e136b
4,-29,29.108281,e280116060000205403de047
798,-31,29.118305,e280116060000205403e136b
5,-29,29.126849,e280116060000205403de047
6,-30,29.138979,e280116060000205403de047
799,-33,29.146997,e280116060000205403e136b
800,-33,29.165571,e280116060000205403e136b
801,-33,29.197012,e280116060000205403e136b
802,-33,29.224603,e280116060000205403e136b
7,-29,29.238927,e280116060000205403de047
803,-31,29.266025,e280116060000205403e136b
804,-31,29.278148,e280116060000205403e136b
805,-31,29.296352,e280116060000205403e136b
8,-30,29.313939,e280116060000205403de047
9,-31,29.339809,e280116060000205403de047
806,-32,29.356091,e280116060000205403e136b
10,-31,29.363941,e280116060000205403de047
807,-30,29.388238,e280116060000205403e136b
11,-29,29.411757,e280116060000205403de047
808,-32,29.421875,e280116060000205403e136b
809,-32,29.44974,e280116060000205403e136b
12,-31,29.467186,e280116060000205403de047
13,-31,29.488044,e280116060000205403de047
810,-31,29.504852,e280116060000205403e136b
14,-30,29.519161,e280116060000205403de047
811,-32,29.531025,e280116060000205403e136b
15,-29,29.544413,e280116060000205403de047
812,-30,29.558464,e280116060000205403e136b
16,-31,29.579203,e280116060000205403de047
813,-32,29.589598,e280116060000205403e136b
814,-32,29.608018,e280116060000205403e136b
17,-32,29.637855,e280116060000205403de047
18,-32,29.650014,e280116060000205403de047
815,-31,29.660194,e280116060000205403e136b
816,-31,29.684988,e280116060000205403e136b
817,-31,29.712137,e280116060000205403e136b
19,-32,29.733436,e280116060000205403de047
818,-32,29.748885,e280116060000205403e136b
20,-32,29.780233,e280116060000205403de047
819,-31,29.822916,e280116060000205403e136b
820,-31,29.841414,e280116060000205403e136b
21,-32,29.876668,e280116060000205403de047
22,-33,29.895025,e280116060000205403de047
821,-32,29.944341,e280116060000205403e136b
23,-34,29.977222,e280116060000205403de047
822,-32,29.990594,e280116060000205403e136b
24,-34,30.009604,e280116060000205403de047
823,-33,30.028944,e280116060000205403e136b
824,-33,30.063438,e280116060000205403e136b
825,-33,30.104927,e280116060000205403e136b
25,-33,30.119025,e280116060000205403de047
826,-32,30.145896,e280116060000205403e136b
827,-32,30.161374,e280116060000205403e136b
828,-32,30.173794,e280116060000205403e136b
26,-34,30.188262,e280116060000205403de047
27,-34,30.201976,e280116060000205403de047
829,-31,30.226781,e280116060000205403e136b
830,-31,30.23362,e280116060000205403e136b
28,-33,30.241922,e280116060000205403de047
29,-34,30.266536,e280116060000205403de047
30,-33,30.279279,e280116060000205403de047
831,-31,30.309518,e280116060000205403e136b
832,-31,30.323278,e280116060000205403e136b
833,-31,30.353671,e280116060000205403e136b
31,-33,30.382564,e280116060000205403de047
32,-33,30.394828,e280116060000205403de047
834,-30,30.408537,e280116060000205403e136b
835,-30,30.420783,e280116060000205403e136b
33,-32,30.441095,e280116060000205403de047
34,-32,30.479682,e280116060000205403de047
35,-32,30.513664,e280116060000205403de047
836,-30,30.524443,e280116060000205403e136b
36,-32,30.551959,e280116060000205403de047
37,-32,30.559076,e280116060000205403de047
38,-31,30.573232,e280116060000205403de047
39,-32,30.613666,e280116060000205403de047
837,-31,30.638677,e280116060000205403e136b
838,-32,30.653989,e280116060000205403e136b
40,-33,30.67121,e280116060000205403de047
839,-33,30.680008,e280116060000205403e136b
840,-33,30.707848,e280116060000205403e136b
841,-33,30.74234,e280116060000205403e136b
842,-32,30.762822,e280116060000205403e136b
41,-31,30.773167,e280116060000205403de047
843,-31,30.789936,e280116060000205403e136b
844,-31,30.803627,e280116060000205403e136b
42,-30,30.821584,e280116060000205403de047
845,-30,30.836648,e280116060000205403e136b
846,-30,30.855254,e280116060000205403e136b
847,-30,30.882792,e280116060000205403e136b
43,-29,30.890362,e280116060000205403de047
44,-30,30.903015,e280116060000205403de047
45,-30,30.915511,e280116060000205403de047
848,-31,30.931659,e280116060000205403e136b
849,-32,30.969467,e280116060000205403e136b
46,-30,31.023095,e280116060000205403de047
850,-32,31.053893,e280116060000205403e136b
851,-32,31.07237,e280116060000205403e136b
852,-32,31.08507,e280116060000205403e136b
47,-30,31.114757,e280116060000205403de047
48,-29,31.128488,e280116060000205403de047
49,-29,31.159378,e280116060000205403de047
50,-29,31.179846,e280116060000205403de047
853,-30,31.189583,e280116060000205403e136b
51,-29,31.200432,e280116060000205403de047
52,-29,31.221188,e280116060000205403de047
854,-30,31.23859,e280116060000205403e136b
855,-30,31.251177,e280116060000205403e136b
856,-30,31.26403,e280116060000205403e136b
53,-29,31.29828,e280116060000205403de047
54,-29,31.336525,e280116060000205403de047
55,-29,31.363979,e280116060000205403de047
857,-31,31.383643,e280116060000205403e136b
56,-30,31.401062,e280116060000205403de047
858,-31,31.42296,e280116060000205403e136b
859,-31,31.43678,e280116060000205403e136b
860,-30,31.466919,e280116060000205403e136b
57,-29,31.493276,e280116060000205403de047
861,-31,31.50826,e280116060000205403e136b
58,-29,31.517894,e280116060000205403de047
59,-30,31.536484,e280116060000205403de047
60,-29,31.582833,e280116060000205403de047
862,-31,31.601815,e280116060000205403e136b
61,-30,31.620696,e280116060000205403de047
863,-30,31.651097,e280116060000205403e136b
62,-30,31.660256,e280116060000205403de047
864,-31,31.678808,e280116060000205403e136b
63,-32,31.693779,e280116060000205403de047
865,-32,31.733489,e280116060000205403e136b
866,-32,31.756492,e280116060000205403e136b
64,-31,31.783191,e280116060000205403de047
867,-30,31.805583,e280116060000205403e136b
868,-30,31.817986,e280116060000205403e136b
65,-32,31.832861,e280116060000205403de047
869,-30,31.849686,e280116060000205403e136b
66,-31,31.872543,e280116060000205403de047
67,-32,31.885082,e280116060000205403de047
68,-31,31.897382,e280116060000205403de047
870,-30,31.926002,e280116060000205403e136b
69,-33,31.940669,e280116060000205403de047
871,-31,31.959779,e280116060000205403e136b
872,-31,31.98452,e280116060000205403e136b
873,-31,32.015053,e280116060000205403e136b
874,-31,32.052445,e280116060000205403e136b
70,-32,32.076531,e280116060000205403de047
71,-34,32.096856,e280116060000205403de047
72,-33,32.110438,e280116060000205403de047
875,-30,32.134465,e280116060000205403e136b
73,-31,32.161214,e280116060000205403de047
74,-33,32.170191,e280116060000205403de047
75,-34,32.190533,e280116060000205403de047
76,-34,32.217595,e280116060000205403de047
876,-33,32.231916,e280116060000205403e136b
77,-33,32.273125,e280116060000205403de047
78,-34,32.293836,e280116060000205403de047
79,-33,32.306886,e280116060000205403de047
80,-33,32.325313,e280116060000205403de047
81,-34,32.337874,e280116060000205403de047
82,-33,32.356591,e280116060000205403de047
83,-33,32.37492,e280116060000205403de047
877,-31,32.383174,e280116060000205403e136b
878,-31,32.40397,e280116060000205403e136b
84,-34,32.412085,e280116060000205403de047
879,-31,32.422363,e280116060000205403e136b
85,-32,32.445608,e280116060000205403de047
86,-33,32.458328,e280116060000205403de047
880,-31,32.496218,e280116060000205403e136b
87,-33,32.513144,e280116060000205403de047
88,-32,32.531606,e280116060000205403de047
89,-32,32.557678,e280116060000205403de047
881,-31,32.577491,e280116060000205403e136b
90,-32,32.591454,e280116060000205403de047
882,-31,32.61679,e280116060000205403e136b
91,-32,32.642466,e280116060000205403de047
883,-31,32.650341,e280116060000205403e136b
92,-30,32.675408,e280116060000205403de047
93,-31,32.688267,e280116060000205403de047
884,-31,32.721184,e280116060000205403e136b
94,-31,32.735522,e280116060000205403de047
885,-31,32.752948,e280116060000205403e136b
886,-31,32.780694,e280116060000205403e136b
95,-31,32.811613,e280116060000205403de047
96,-31,32.836249,e280116060000205403de047
887,-29,32.844952,e280116060000205403e136b
97,-30,32.895129,e280116060000205403de047
98,-29,32.92007,e280116060000205403de047
99,-30,32.938595,e280116060000205403de047
100,-30,32.965486,e280116060000205403de047
888,-31,32.980998,e280116060000205403e136b
101,-30,32.999569,e280116060000205403de047
102,-30,33.013544,e280116060000205403de047
103,-30,33.041184,e280116060000205403de047
104,-29,33.085449,e280116060000205403de047
889,-32,33.135424,e280116060000205403e136b
890,-31,33.159497,e280116060000205403e136b
105,-29,33.180947,e280116060000205403de047
891,-31,33.20116,e280116060000205403e136b
106,-30,33.212275,e280116060000205403de047
892,-32,33.221875,e280116060000205403e136b
107,-29,33.232385,e280116060000205403de047
893,-31,33.242658,e280116060000205403e136b
108,-29,33.260397,e280116060000205403de047
109,-29,33.273995,e280116060000205403de047
110,-29,33.290554,e280116060000205403de047
111,-29,33.311079,e280116060000205403de047
112,-29,33.33871,e280116060000205403de047
113,-29,33.351015,e280116060000205403de047
894,-31,33.367233,e280116060000205403e136b
114,-30,33.382136,e280116060000205403de047
115,-29,33.403219,e280116060000205403de047
895,-31,33.425871,e280116060000205403e136b
116,-30,33.458639,e280116060000205403de047
117,-29,33.485215,e280116060000205403de047
118,-30,33.501998,e280116060000205403de047
119,-29,33.514631,e280116060000205403de047
896,-31,33.533433,e280116060000205403e136b
120,-29,33.546119,e280116060000205403de047
121,-30,33.571916,e280116060000205403de047
122,-30,33.585581,e280116060000205403de047
123,-31,33.616009,e280116060000205403de047
897,-31,33.630833,e280116060000205403e136b
124,-30,33.675486,e280116060000205403de047
125,-32,33.687656,e280116060000205403de047
898,-32,33.711035,e280116060000205403e136b
899,-32,33.731606,e280116060000205403e136b
126,-31,33.750181,e280116060000205403de047
900,-31,33.772949,e280116060000205403e136b
901,-31,33.78666,e280116060000205403e136b
902,-31,33.820907,e280116060000205403e136b
127,-31,33.831535,e280116060000205403de047
128,-31,33.850361,e280116060000205403de047
129,-30,33.862671,e280116060000205403de047
903,-30,33.87941,e280116060000205403e136b
904,-30,33.899588,e280116060000205403e136b
905,-30,33.919105,e280116060000205403e136b
130,-32,33.939727,e280116060000205403de047
131,-32,33.958479,e280116060000205403de047
132,-32,33.970668,e280116060000205403de047
133,-32,33.983064,e280116060000205403de047
134,-33,34.004126,e280116060000205403de047
906,-32,34.013751,e280116060000205403e136b
135,-33,34.022503,e280116060000205403de047
136,-31,34.035421,e280116060000205403de047
907,-32,34.058325,e280116060000205403e136b
137,-33,34.092638,e280116060000205403de047
138,-33,34.126624,e280116060000205403de047
139,-34,34.139006,e280116060000205403de047
908,-32,34.162286,e280116060000205403e136b
140,-33,34.171197,e280116060000205403de047
141,-34,34.183998,e280116060000205403de047
909,-31,34.196153,e280116060000205403e136b
910,-31,34.208779,e280116060000205403e136b
911,-31,34.227488,e280116060000205403e136b
912,-31,34.239746,e280116060000205403e136b
142,-32,34.249112,e280116060000205403de047
143,-34,34.279943,e280116060000205403de047
144,-33,34.308491,e280116060000205403de047
145,-34,34.322465,e280116060000205403de047
146,-34,34.33618,e280116060000205403de047
147,-33,34.350057,e280116060000205403de047
148,-34,34.363818,e280116060000205403de047
913,-32,34.388897,e280116060000205403e136b
914,-31,34.401878,e280116060000205403e136b
149,-33,34.421924,e280116060000205403de047
915,-30,34.432725,e280116060000205403e136b
916,-31,34.457349,e280116060000205403e136b
150,-32,34.475592,e280116060000205403de047
151,-30,34.49674,e280116060000205403de047
917,-30,34.518892,e280116060000205403e136b
152,-33,34.531024,e280116060000205403de047
918,-32,34.545981,e280116060000205403e136b
153,-32,34.557636,e280116060000205403de047
154,-32,34.57128,e280116060000205403de047
155,-31,34.611133,e280116060000205403de047
156,-30,34.629854,e280116060000205403de047
919,-31,34.638712,e280116060000205403e136b
157,-32,34.670754,e280116060000205403de047
158,-31,34.691822,e280116060000205403de047
920,-32,34.714759,e280116060000205403e136b
921,-31,34.72847,e280116060000205403e136b
159,-31,34.743492,e280116060000205403de047
160,-31,34.762299,e280116060000205403de047
922,-31,34.776192,e280116060000205403e136b
161,-30,34.787173,e280116060000205403de047
923,-32,34.812872,e280116060000205403e136b
162,-31,34.837243,e280116060000205403de047
163,-29,34.858343,e280116060000205403de047
924,-31,34.873168,e280116060000205403e136b
925,-31,34.89507,e280116060000205403e136b
926,-31,34.907291,e280116060000205403e136b
164,-30,34.920632,e280116060000205403de047
165,-30,34.934586,e280116060000205403de047
166,-30,34.961265,e280116060000205403de047
927,-31,34.976877,e280116060000205403e136b
928,-30,35.008518,e280116060000205403e136b
167,-29,35.025487,e280116060000205403de047
168,-29,35.04439,e280116060000205403de047
929,-31,35.052116,e280116060000205403e136b
930,-31,35.064586,e280116060000205403e136b
931,-31,35.092107,e280116060000205403e136b
932,-31,35.104383,e280116060000205403e136b
933,-31,35.130316,e280116060000205403e136b
934,-31,35.148275,e280116060000205403e136b
935,-31,35.173078,e280116060000205403e136b
169,-29,35.195016,e280116060000205403de047
170,-29,35.206935,e280116060000205403de047
936,-31,35.223993,e280116060000205403e136b
171,-29,35.235542,e280116060000205403de047
937,-31,35.257308,e280116060000205403e136b
938,-31,35.275522,e280116060000205403e136b
172,-29,35.295344,e280116060000205403de047
939,-30,35.313623,e280116060000205403e136b
940,-30,35.325854,e280116060000205403e136b
173,-29,35.34169,e280116060000205403de047
941,-30,35.352426,e280116060000205403e136b
942,-30,35.365612,e280116060000205403e136b
943,-30,35.390342,e280116060000205403e136b
174,-29,35.409206,e280116060000205403de047
944,-31,35.421634,e280116060000205403e136b
175,-30,35.437437,e280116060000205403de047
176,-29,35.449857,e280116060000205403de047
177,-30,35.463583,e280116060000205403de047
178,-30,35.476843,e280116060000205403de047
179,-29,35.483662,e280116060000205403de047
945,-30,35.513299,e280116060000205403e136b
180,-30,35.548524,e280116060000205403de047
181,-30,35.579299,e280116060000205403de047
182,-30,35.605745,e280116060000205403de047
183,-29,35.635898,e280116060000205403de047
946,-30,35.671682,e280116060000205403e136b
947,-30,35.692116,e280116060000205403e136b
184,-31,35.711051,e280116060000205403de047
185,-30,35.74188,e280116060000205403de047
948,-29,35.748845,e280116060000205403e136b
949,-31,35.761637,e280116060000205403e136b
186,-31,35.773262,e280116060000205403de047
187,-30,35.792415,e280116060000205403de047
950,-31,35.81465,e280116060000205403e136b
951,-31,35.840652,e280116060000205403e136b
952,-31,35.861185,e280116060000205403e136b
188,-31,35.870772,e280116060000205403de047
953,-31,35.895694,e280116060000205403e136b
954,-31,35.904368,e280116060000205403e136b
189,-31,35.922198,e280116060000205403de047
190,-32,35.945534,e280116060000205403de047
955,-31,35.960736,e280116060000205403e136b
191,-33,35.982307,e280116060000205403de047
192,-33,36.002918,e280116060000205403de047
193,-32,36.016661,e280116060000205403de047
956,-33,36.026262,e280116060000205403e136b
957,-33,36.04695,e280116060000205403e136b
958,-33,36.060615,e280116060000205403e136b
959,-33,36.094755,e280116060000205403e136b
960,-33,36.115563,e280116060000205403e136b
194,-34,36.142738,e280116060000205403de047
195,-34,36.170383,e280116060000205403de047
196,-34,36.195197,e280116060000205403de047
961,-31,36.210698,e280116060000205403e136b
197,-34,36.229888,e280116060000205403de047
962,-31,36.243031,e280116060000205403e136b
963,-31,36.255052,e280116060000205403e136b
964,-31,36.26731,e280116060000205403e136b
198,-34,36.27983,e280116060000205403de047
199,-34,36.313392,e280116060000205403de047
965,-32,36.329307,e280116060000205403e136b
966,-32,36.341924,e280116060000205403e136b
200,-33,36.357649,e280116060000205403de047
967,-31,36.403764,e280116060000205403e136b
968,-32,36.418606,e280116060000205403e136b
969,-32,36.430882,e280116060000205403e136b
201,-33,36.470823,e280116060000205403de047
970,-31,36.499199,e280116060000205403e136b
202,-33,36.510207,e280116060000205403de047
203,-32,36.540783,e280116060000205403de047
204,-32,36.554624,e280116060000205403de047
205,-31,36.580484,e280116060000205403de047
206,-32,36.598842,e280116060000205403de047
207,-32,36.619389,e280116060000205403de047
208,-31,36.633491,e280116060000205403de047
971,-30,36.643597,e280116060000205403e136b
972,-30,36.662462,e280116060000205403e136b
209,-30,36.67085,e280116060000205403de047
210,-31,36.68461,e280116060000205403de047
211,-30,36.70504,e280116060000205403de047
973,-31,36.723849,e280116060000205403e136b
974,-31,36.736357,e280116060000205403e136b
212,-30,36.758702,e280116060000205403de047
213,-31,36.792786,e280116060000205403de047
214,-31,36.818693,e280116060000205403de047
975,-31,36.862466,e280116060000205403e136b
976,-31,36.883135,e280116060000205403e136b
977,-31,36.903709,e280116060000205403e136b
978,-31,36.934243,e280116060000205403e136b
979,-31,36.94827,e280116060000205403e136b
215,-30,36.969762,e280116060000205403de047
980,-30,36.981136,e280116060000205403e136b
981,-30,37.006213,e280116060000205403e136b
216,-31,37.022336,e280116060000205403de047
982,-31,37.036224,e280116060000205403e136b
217,-29,37.050767,e280116060000205403de047
983,-31,37.070605,e280116060000205403e136b
984,-31,37.11171,e280116060000205403e136b
985,-31,37.127294,e280116060000205403e136b
986,-31,37.158034,e280116060000205403e136b
987,-31,37.176866,e280116060000205403e136b
218,-30,37.186404,e280116060000205403de047
988,-32,37.2136,e280116060000205403e136b
219,-29,37.232171,e280116060000205403de047
989,-32,37.253645,e280116060000205403e136b
220,-29,37.262855,e280116060000205403de047
221,-29,37.283482,e280116060000205403de047
990,-32,37.31267,e280116060000205403e136b
222,-29,37.346866,e280116060000205403de047
991,-32,37.38731,e280116060000205403e136b
223,-29,37.411368,e280116060000205403de047
224,-30,37.445667,e280116060000205403de047
992,-29,37.46117,e280116060000205403e136b
993,-29,37.479638,e280116060000205403e136b
994,-29,37.492381,e280116060000205403e136b
225,-29,37.502586,e280116060000205403de047
226,-31,37.52315,e280116060000205403de047
227,-31,37.537267,e280116060000205403de047
228,-30,37.564014,e280116060000205403de047
229,-30,37.582549,e280116060000205403de047
230,-29,37.596226,e280116060000205403de047
995,-30,37.616928,e280116060000205403e136b
231,-31,37.644531,e280116060000205403de047
232,-31,37.661276,e280116060000205403de047
233,-29,37.701911,e280116060000205403de047
234,-31,37.720116,e280116060000205403de047
996,-31,37.747875,e280116060000205403e136b
997,-31,37.766022,e280116060000205403e136b
998,-31,37.784711,e280116060000205403e136b
235,-32,37.825104,e280116060000205403de047
236,-30,37.837338,e280116060000205403de047
237,-30,37.885395,e280116060000205403de047
999,-30,37.898476,e280116060000205403e136b
1000,-30,37.924981,e280116060000205403e136b
1001,-30,37.938742,e280116060000205403e136b
1002,-30,37.958026,e280116060000205403e136b
238,-31,37.973081,e280116060000205403de047
1003,-31,37.995465,e280116060000205403e136b
1004,-31,38.008702,e280116060000205403e136b
239,-33,38.016288,e280116060000205403de047
240,-33,38.042386,e280116060000205403de047
1005,-31,38.068723,e280116060000205403e136b
1006,-31,38.081216,e280116060000205403e136b
241,-32,38.119622,e280116060000205403de047
1007,-32,38.133292,e280116060000205403e136b
1008,-31,38.147212,e280116060000205403e136b
242,-34,38.158293,e280116060000205403de047
243,-32,38.173367,e280116060000205403de047
1009,-30,38.197246,e280116060000205403e136b
1010,-30,38.222335,e280116060000205403e136b
244,-34,38.265894,e280116060000205403de047
1011,-32,38.302185,e280116060000205403e136b
245,-34,38.330584,e280116060000205403de047
1012,-31,38.354572,e280116060000205403e136b
246,-34,38.370559,e280116060000205403de047
1013,-30,38.379686,e280116060000205403e136b
1014,-30,38.391884,e280116060000205403e136b
247,-31,38.401414,e280116060000205403de047
248,-33,38.440039,e280116060000205403de047
1015,-30,38.496984,e280116060000205403e136b
1016,-30,38.509864,e280116060000205403e136b
1017,-30,38.52344,e280116060000205403e136b
249,-31,38.538193,e280116060000205403de047
1018,-31,38.567637,e280116060000205403e136b
1019,-31,38.599797,e280116060000205403e136b
1020,-31,38.619642,e280116060000205403e136b
250,-30,38.641675,e280116060000205403de047
1021,-30,38.666026,e280116060000205403e136b
1022,-30,38.684392,e280116060000205403e136b
251,-31,38.711826,e280116060000205403de047
1023,-30,38.725667,e280116060000205403e136b
252,-31,38.74494,e280116060000205403de047
1024,-31,38.783062,e280116060000205403e136b
1025,-31,38.795713,e280116060000205403e136b
253,-31,38.809819,e280116060000205403de047
1026,-31,38.827113,e280116060000205403e136b
254,-30,38.843359,e280116060000205403de047
1027,-31,38.8579,e280116060000205403e136b
1028,-31,38.870117,e280116060000205403e136b
1029,-31,38.882771,e280116060000205403e136b
255,-31,38.905635,e280116060000205403de047
256,-30,38.943201,e280116060000205403de047
257,-30,38.970705,e280116060000205403de047
1030,-31,38.981046,e280116060000205403e136b
1031,-31,38.999697,e280116060000205403e136b
258,-30,39.017909,e280116060000205403de047
259,-29,39.036443,e280116060000205403de047
260,-30,39.04874,e280116060000205403de047
1032,-32,39.063188,e280116060000205403e136b
1033,-32,39.076331,e280116060000205403e136b
1034,-32,39.088454,e280116060000205403e136b
261,-30,39.098036,e280116060000205403de047
1035,-33,39.106819,e280116060000205403e136b
1036,-33,39.120352,e280116060000205403e136b
1037,-33,39.141187,e280116060000205403e136b
1038,-33,39.157628,e280116060000205403e136b
262,-29,39.186252,e280116060000205403de047
263,-29,39.204766,e280116060000205403de047
1039,-30,39.216784,e280116060000205403e136b
264,-29,39.235592,e280116060000205403de047
1040,-32,39.260092,e280116060000205403e136b
1041,-32,39.288041,e280116060000205403e136b
265,-29,39.297423,e280116060000205403de047
1042,-31,39.315473,e280116060000205403e136b
1043,-31,39.336227,e280116060000205403e136b
266,-29,39.348353,e280116060000205403de047
267,-29,39.368915,e280116060000205403de047
268,-30,39.391444,e280116060000205403de047
1044,-32,39.406812,e280116060000205403e136b
1045,-32,39.425323,e280116060000205403e136b
269,-30,39.438775,e280116060000205403de047
1046,-31,39.451185,e280116060000205403e136b
270,-29,39.4715,e280116060000205403de047
271,-30,39.492699,e280116060000205403de047
1047,-32,39.502581,e280116060000205403e136b
272,-30,39.53039,e280116060000205403de047
1048,-32,39.546627,e280116060000205403e136b
273,-30,39.567571,e280116060000205403de047
274,-29,39.608079,e280116060000205403de047
1049,-30,39.628997,e280116060000205403e136b
275,-30,39.645309,e280116060000205403de047
1050,-31,39.663459,e280116060000205403e136b
276,-31,39.678568,e280116060000205403de047
1051,-31,39.693906,e280116060000205403e136b
1052,-31,39.707758,e280116060000205403e136b
1053,-31,39.721539,e280116060000205403e136b
1054,-31,39.749011,e280116060000205403e136b
277,-30,39.760602,e280116060000205403de047
278,-32,39.795982,e280116060000205403de047
1055,-32,39.810444,e280116060000205403e136b
279,-31,39.827915,e280116060000205403de047
1056,-31,39.847777,e280116060000205403e136b
1057,-31,39.860317,e280116060000205403e136b
280,-31,39.873944,e280116060000205403de047
1058,-31,39.906725,e280116060000205403e136b
1059,-31,39.919308,e280116060000205403e136b
1060,-31,39.937667,e280116060000205403e136b
281,-32,39.960928,e280116060000205403de047
1061,-32,39.974577,e280116060000205403e136b
282,-32,39.984993,e280116060000205403de047
1062,-31,40.007781,e280116060000205403e136b
283,-32,40.024521,e280116060000205403de047
284,-31,40.045042,e280116060000205403de047
1063,-31,40.083811,e280116060000205403e136b
285,-33,40.106787,e280116060000205403de047
1064,-32,40.121166,e280116060000205403e136b
286,-33,40.150275,e280116060000205403de047
287,-34,40.187273,e280116060000205403de047
1065,-33,40.203204,e280116060000205403e136b
1066,-33,40.248534,e280116060000205403e136b
288,-34,40.26256,e280116060000205403de047
289,-34,40.282848,e280116060000205403de047
1067,-31,40.305351,e280116060000205403e136b
1068,-31,40.318971,e280116060000205403e136b
290,-33,40.334927,e280116060000205403de047
291,-33,40.355364,e280116060000205403de047
1069,-30,40.381133,e280116060000205403e136b
292,-33,40.403529,e280116060000205403de047
293,-33,40.424051,e280116060000205403de047
1070,-32,40.438467,e280116060000205403e136b
294,-32,40.470185,e280116060000205403de047
295,-33,40.4981,e280116060000205403de047
296,-33,40.51032,e280116060000205403de047
1071,-32,40.531871,e280116060000205403e136b
1072,-31,40.552519,e280116060000205403e136b
297,-33,40.565935,e280116060000205403de047
1073,-31,40.579043,e280116060000205403e136b
298,-32,40.595227,e280116060000205403de047
1074,-30,40.619141,e280116060000205403e136b
1075,-30,40.63995,e280116060000205403e136b
299,-30,40.663627,e280116060000205403de047
1076,-30,40.679751,e280116060000205403e136b
300,-31,40.693848,e280116060000205403de047
1077,-31,40.716461,e280116060000205403e136b
301,-31,40.734929,e280116060000205403de047
1078,-31,40.757804,e280116060000205403e136b
1079,-32,40.792183,e280116060000205403e136b
1080,-32,40.806189,e280116060000205403e136b
1081,-32,40.831452,e280116060000205403e136b
302,-32,40.848182,e280116060000205403de047
1082,-33,40.862144,e280116060000205403e136b
303,-30,40.903014,e280116060000205403de047
1083,-31,40.911742,e280116060000205403e136b
304,-30,40.939871,e280116060000205403de047
1084,-31,40.948797,e280116060000205403e136b
1085,-31,40.967309,e280116060000205403e136b
305,-30,40.987579,e280116060000205403de047
1086,-31,40.995089,e280116060000205403e136b
306,-31,41.00663,e280116060000205403de047
1087,-32,41.035664,e280116060000205403e136b
1088,-32,41.067952,e280116060000205403e136b
307,-29,41.083183,e280116060000205403de047
308,-30,41.105532,e280116060000205403de047
309,-29,41.118094,e280116060000205403de047
1089,-32,41.131654,e280116060000205403e136b
1090,-32,41.151945,e280116060000205403e136b
310,-29,41.175096,e280116060000205403de047
1091,-32,41.200054,e280116060000205403e136b
1092,-32,41.227279,e280116060000205403e136b
311,-29,41.272346,e280116060000205403de047
312,-29,41.30029,e280116060000205403de047
313,-29,41.318939,e280116060000205403de047
1093,-31,41.347153,e280116060000205403e136b
314,-29,41.365145,e280116060000205403de047
315,-29,41.393067,e280116060000205403de047
1094,-30,41.408842,e280116060000205403e136b
1095,-30,41.42919,e280116060000205403e136b
316,-29,41.454629,e280116060000205403de047
1096,-30,41.478694,e280116060000205403e136b
1097,-31,41.495478,e280116060000205403e136b
317,-29,41.509595,e280116060000205403de047
318,-31,41.52805,e280116060000205403de047
319,-30,41.552639,e280116060000205403de047
1098,-32,41.586274,e280116060000205403e136b
320,-30,41.602715,e280116060000205403de047
321,-30,41.623305,e280116060000205403de047
1099,-31,41.650795,e280116060000205403e136b
1100,-31,41.703896,e280116060000205403e136b
322,-31,41.722237,e280116060000205403de047
323,-32,41.759712,e280116060000205403de047
1101,-32,41.772823,e280116060000205403e136b
324,-30,41.787103,e280116060000205403de047
1102,-30,41.813713,e280116060000205403e136b
325,-32,41.852982,e280116060000205403de047
326,-29,41.865446,e280116060000205403de047
1103,-30,41.881831,e280116060000205403e136b
1104,-30,41.895123,e280116060000205403e136b
1105,-30,41.924411,e280116060000205403e136b
327,-32,41.944848,e280116060000205403de047
328,-32,41.963413,e280116060000205403de047
1106,-30,41.986657,e280116060000205403e136b
1107,-30,42.000453,e280116060000205403e136b
1108,-30,42.026352,e280116060000205403e136b
1109,-30,42.046541,e280116060000205403e136b
329,-34,42.07062,e280116060000205403de047
330,-34,42.095446,e280116060000205403de047
1110,-29,42.115477,e280116060000205403e136b
1111,-29,42.129142,e280116060000205403e136b
1112,-29,42.143003,e280116060000205403e136b
331,-32,42.154241,e280116060000205403de047
1113,-32,42.170784,e280116060000205403e136b
332,-33,42.206189,e280116060000205403de047
333,-34,42.243266,e280116060000205403de047
1114,-31,42.256867,e280116060000205403e136b
334,-33,42.286432,e280116060000205403de047
1115,-31,42.296713,e280116060000205403e136b
335,-34,42.321619,e280116060000205403de047
1116,-31,42.340398,e280116060000205403e136b
336,-33,42.366758,e280116060000205403de047
337,-34,42.385107,e280116060000205403de047
1117,-33,42.415723,e280116060000205403e136b
338,-33,42.423728,e280116060000205403de047
1118,-32,42.435675,e280116060000205403e136b
339,-33,42.45129,e280116060000205403de047
1119,-32,42.487718,e280116060000205403e136b
1120,-32,42.499951,e280116060000205403e136b
340,-32,42.510525,e280116060000205403de047
341,-33,42.527145,e280116060000205403de047
342,-34,42.544999,e280116060000205403de047
1121,-32,42.571491,e280116060000205403e136b
1122,-32,42.591896,e280116060000205403e136b
1123,-32,42.605916,e280116060000205403e136b
1124,-32,42.646157,e280116060000205403e136b
343,-32,42.663557,e280116060000205403de047
344,-32,42.709716,e280116060000205403de047
1125,-32,42.724994,e280116060000205403e136b
1126,-32,42.752371,e280116060000205403e136b
1127,-32,42.766267,e280116060000205403e136b
345,-31,42.778827,e280116060000205403de047
346,-31,42.811202,e280116060000205403de047
1128,-30,42.858464,e280116060000205403e136b
347,-29,42.875971,e280116060000205403de047
348,-29,42.900912,e280116060000205403de047
349,-29,42.929056,e280116060000205403de047
1129,-30,42.93936,e280116060000205403e136b
350,-30,42.972753,e280116060000205403de047
1130,-31,42.981882,e280116060000205403e136b
351,-30,42.993072,e280116060000205403de047
352,-30,43.011924,e280116060000205403de047
1131,-30,43.037732,e280116060000205403e136b
1132,-30,43.050302,e280116060000205403e136b
1133,-30,43.069032,e280116060000205403e136b
353,-29,43.099427,e280116060000205403de047
1134,-30,43.112235,e280116060000205403e136b
354,-29,43.139023,e280116060000205403de047
1135,-32,43.162555,e280116060000205403e136b
355,-29,43.179129,e280116060000205403de047
1136,-32,43.196686,e280116060000205403e136b
356,-29,43.20661,e280116060000205403de047
357,-29,43.243545,e280116060000205403de047
358,-29,43.264135,e280116060000205403de047
359,-29,43.277837,e280116060000205403de047
360,-29,43.291013,e280116060000205403de047
1137,-31,43.305848,e280116060000205403e136b
361,-29,43.315526,e280116060000205403de047
1138,-30,43.352963,e280116060000205403e136b
362,-29,43.368294,e280116060000205403de047
363,-30,43.380598,e280116060000205403de047
1139,-31,43.391416,e280116060000205403e136b
364,-29,43.411818,e280116060000205403de047
365,-30,43.43228,e280116060000205403de047
1140,-30,43.46352,e280116060000205403e136b
1141,-30,43.4774,e280116060000205403e136b
366,-29,43.493896,e280116060000205403de047
1142,-30,43.504607,e280116060000205403e136b
1143,-30,43.532328,e280116060000205403e136b
1144,-30,43.553023,e280116060000205403e136b
367,-29,43.574127,e280116060000205403de047
368,-30,43.592627,e280116060000205403de047
1145,-31,43.615238,e280116060000205403e136b
369,-31,43.645143,e280116060000205403de047
370,-29,43.663407,e280116060000205403de047
1146,-31,43.680437,e280116060000205403e136b
371,-32,43.691019,e280116060000205403de047
1147,-32,43.722419,e280116060000205403e136b
1148,-32,43.764882,e280116060000205403e136b
372,-32,43.799501,e280116060000205403de047
373,-32,43.813833,e280116060000205403de047
374,-29,43.835449,e280116060000205403de047
1149,-30,43.871778,e280116060000205403e136b
1150,-30,43.897102,e280116060000205403e136b
375,-32,43.927672,e280116060000205403de047
1151,-31,43.950968,e280116060000205403e136b
1152,-31,43.982922,e280116060000205403e136b
376,-32,44.007024,e280116060000205403de047
1153,-29,44.019891,e280116060000205403e136b
377,-31,44.044602,e280116060000205403de047
1154,-32,44.063336,e280116060000205403e136b
1155,-31,44.075949,e280116060000205403e136b
378,-32,44.09376,e280116060000205403de047
1156,-30,44.120666,e280116060000205403e136b
379,-34,44.152348,e280116060000205403de047
1157,-32,44.173102,e280116060000205403e136b
1158,-32,44.191711,e280116060000205403e136b
1159,-32,44.203856,e280116060000205403e136b
380,-34,44.226648,e280116060000205403de047
381,-32,44.260621,e280116060000205403de047
382,-33,44.278855,e280116060000205403de047
383,-34,44.297484,e280116060000205403de047
384,-34,44.315991,e280116060000205403de047
1160,-31,44.322726,e280116060000205403e136b
1161,-32,44.342981,e280116060000205403e136b
1162,-32,44.356996,e280116060000205403e136b
1163,-32,44.390966,e280116060000205403e136b
1164,-32,44.404962,e280116060000205403e136b
1165,-32,44.418771,e280116060000205403e136b
385,-33,44.43768,e280116060000205403de047
1166,-32,44.476816,e280116060000205403e136b
1167,-32,44.507363,e280116060000205403e136b
1168,-32,44.532006,e280116060000205403e136b
1169,-32,44.554095,e280116060000205403e136b
386,-33,44.571381,e280116060000205403de047
387,-31,44.589559,e280116060000205403de047
388,-31,44.608121,e280116060000205403de047
389,-32,44.621946,e280116060000205403de047
390,-30,44.642354,e280116060000205403de047
1170,-30,44.660832,e280116060000205403e136b
1171,-30,44.674506,e280116060000205403e136b
391,-31,44.70259,e280116060000205403de047
1172,-31,44.715192,e280116060000205403e136b
392,-30,44.737084,e280116060000205403de047
393,-30,44.767662,e280116060000205403de047
1173,-31,44.791902,e280116060000205403e136b
1174,-31,44.810545,e280116060000205403e136b
1175,-31,44.837974,e280116060000205403e136b
1176,-30,44.845182,e280116060000205403e136b
1177,-30,44.864929,e280116060000205403e136b
1178,-31,44.883603,e280116060000205403e136b
394,-31,44.908726,e280116060000205403de047
1179,-33,44.927613,e280116060000205403e136b
1180,-33,44.965716,e280116060000205403e136b
1181,-33,44.993348,e280116060000205403e136b
395,-30,45.013472,e280116060000205403de047
396,-30,45.032105,e280116060000205403de047
397,-29,45.050604,e280116060000205403de047
1182,-32,45.075935,e280116060000205403e136b
1183,-32,45.096669,e280116060000205403e136b
1184,-31,45.117388,e280116060000205403e136b
1185,-31,45.138215,e280116060000205403e136b
398,-29,45.153309,e280116060000205403de047
1186,-31,45.172932,e280116060000205403e136b
399,-29,45.199787,e280116060000205403de047
400,-29,45.212873,e280116060000205403de047
1187,-31,45.231893,e280116060000205403e136b
401,-29,45.245239,e280116060000205403de047
402,-29,45.272955,e280116060000205403de047
403,-29,45.285332,e280116060000205403de047
1188,-32,45.294471,e280116060000205403e136b
404,-29,45.323847,e280116060000205403de047
405,-29,45.349846,e280116060000205403de047
406,-29,45.370542,e280116060000205403de047
1189,-32,45.391937,e280116060000205403e136b
407,-30,45.418604,e280116060000205403de047
408,-30,45.450867,e280116060000205403de047
1190,-31,45.466907,e280116060000205403e136b
1191,-31,45.494112,e280116060000205403e136b
409,-31,45.515386,e280116060000205403de047
410,-30,45.527933,e280116060000205403de047
411,-29,45.540159,e280116060000205403de047
412,-29,45.568339,e280116060000205403de047
1192,-30,45.582275,e280116060000205403e136b
1193,-30,45.613664,e280116060000205403e136b
1194,-30,45.626134,e280116060000205403e136b
1195,-30,45.645412,e280116060000205403e136b
1196,-30,45.663612,e280116060000205403e136b
413,-31,45.676135,e280116060000205403de047
414,-32,45.689757,e280116060000205403de047
1197,-32,45.712836,e280116060000205403e136b
1198,-32,45.725047,e280116060000205403e136b
415,-31,45.739801,e280116060000205403de047
1199,-31,45.759831,e280116060000205403e136b
1200,-31,45.792642,e280116060000205403e136b
416,-31,45.808163,e280116060000205403de047
1201,-31,45.819983,e280116060000205403e136b
417,-31,45.84238,e280116060000205403de047
1202,-30,45.876712,e280116060000205403e136b
1203,-30,45.895407,e280116060000205403e136b
1204,-30,45.91454,e280116060000205403e136b
1205,-30,45.928348,e280116060000205403e136b
418,-29,45.950019,e280116060000205403de047
419,-33,45.962133,e280116060000205403de047
420,-32,45.988676,e280116060000205403de047
1206,-31,46.014745,e280116060000205403e136b
1207,-31,46.026759,e280116060000205403e136b
421,-32,46.055464,e280116060000205403de047
1208,-31,46.073638,e280116060000205403e136b
1209,-31,46.098654,e280116060000205403e136b
422,-33,46.10653,e280116060000205403de047
423,-32,46.125195,e280116060000205403de047
1210,-31,46.149183,e280116060000205403e136b
1211,-31,46.160887,e280116060000205403e136b
1212,-32,46.176215,e280116060000205403e136b
424,-33,46.187365,e280116060000205403de047
1213,-31,46.196131,e280116060000205403e136b
425,-34,46.235343,e280116060000205403de047
1214,-32,46.252008,e280116060000205403e136b
426,-34,46.276443,e280116060000205403de047
1215,-31,46.293166,e280116060000205403e136b
427,-33,46.329391,e280116060000205403de047
1216,-32,46.354476,e280116060000205403e136b
428,-34,46.366971,e280116060000205403de047
429,-33,46.379054,e280116060000205403de047
430,-32,46.395387,e280116060000205403de047
431,-33,46.408973,e280116060000205403de047
432,-32,46.430563,e280116060000205403de047
433,-33,46.465785,e280116060000205403de047
1217,-31,46.483965,e280116060000205403e136b
434,-32,46.497623,e280116060000205403de047
435,-32,46.522099,e280116060000205403de047
436,-32,46.54137,e280116060000205403de047
1218,-31,46.567469,e280116060000205403e136b
437,-32,46.606212,e280116060000205403de047
1219,-31,46.652462,e280116060000205403e136b
1220,-32,46.673285,e280116060000205403e136b
1221,-31,46.682829,e280116060000205403e136b
438,-31,46.716487,e280116060000205403de047
1222,-31,46.737852,e280116060000205403e136b
439,-30,46.754024,e280116060000205403de047
1223,-30,46.793799,e280116060000205403e136b
440,-32,46.816305,e280116060000205403de047
441,-30,46.840913,e280116060000205403de047
442,-29,46.872601,e280116060000205403de047
443,-30,46.885158,e280116060000205403de047
444,-30,46.894369,e280116060000205403de047
445,-29,46.933729,e280116060000205403de047
446,-30,46.946202,e280116060000205403de047
447,-30,46.964568,e280116060000205403de047
448,-29,46.98312,e280116060000205403de047
449,-30,46.99829,e280116060000205403de047
1224,-31,47.011228,e280116060000205403e136b
1225,-31,47.02489,e280116060000205403e136b
1226,-31,47.038669,e280116060000205403e136b
1227,-31,47.073091,e280116060000205403e136b
450,-30,47.087212,e280116060000205403de047
451,-29,47.116524,e280116060000205403de047
452,-30,47.148173,e280116060000205403de047
1228,-31,47.167059,e280116060000205403e136b
453,-29,47.21311,e280116060000205403de047
1229,-30,47.230006,e280116060000205403e136b
1230,-30,47.243677,e280116060000205403e136b
454,-29,47.261208,e280116060000205403de047
1231,-30,47.2782,e280116060000205403e136b
1232,-30,47.318919,e280116060000205403e136b
1233,-30,47.332873,e280116060000205403e136b
455,-29,47.347786,e280116060000205403de047
456,-29,47.36025,e280116060000205403de047
457,-29,47.379275,e280116060000205403de047
1234,-32,47.397521,e280116060000205403e136b
1235,-32,47.41035,e280116060000205403e136b
1236,-32,47.422812,e280116060000205403e136b
1237,-32,47.440783,e280116060000205403e136b
1238,-32,47.459324,e280116060000205403e136b
1239,-32,47.471761,e280116060000205403e136b
458,-30,47.503359,e280116060000205403de047
459,-30,47.515721,e280116060000205403de047
1240,-32,47.539491,e280116060000205403e136b
1241,-32,47.552097,e280116060000205403e136b
460,-30,47.56528,e280116060000205403de047
1242,-31,47.598896,e280116060000205403e136b
461,-31,47.624141,e280116060000205403de047
462,-30,47.636419,e280116060000205403de047
463,-31,47.648838,e280116060000205403de047
1243,-29,47.667269,e280116060000205403e136b
464,-29,47.685619,e280116060000205403de047
1244,-31,47.69501,e280116060000205403e136b
1245,-31,47.707522,e280116060000205403e136b
465,-31,47.741654,e280116060000205403de047
466,-30,47.762507,e280116060000205403de047
467,-31,47.775269,e280116060000205403de047
1246,-31,47.78832,e280116060000205403e136b
468,-32,47.815257,e280116060000205403de047
1247,-32,47.836356,e280116060000205403e136b
1248,-32,47.850159,e280116060000205403e136b
1249,-32,47.87092,e280116060000205403e136b
469,-32,47.889318,e280116060000205403de047
1250,-31,47.901345,e280116060000205403e136b
1251,-31,47.921539,e280116060000205403e136b
1252,-31,47.935308,e280116060000205403e136b
1253,-31,47.953829,e280116060000205403e136b
1254,-31,47.978428,e280116060000205403e136b
470,-32,47.991949,e280116060000205403de047
1255,-29,48.020044,e280116060000205403e136b
1256,-29,48.033111,e280116060000205403e136b
1257,-29,48.051864,e280116060000205403e136b
471,-31,48.074415,e280116060000205403de047
1258,-30,48.095807,e280116060000205403e136b
1259,-30,48.129561,e280116060000205403e136b
472,-31,48.146341,e280116060000205403de047
473,-33,48.16678,e280116060000205403de047
474,-33,48.191444,e280116060000205403de047
475,-34,48.214511,e280116060000205403de047
1260,-32,48.225655,e280116060000205403e136b
1261,-32,48.244756,e280116060000205403e136b
476,-34,48.252597,e280116060000205403de047
1262,-32,48.279457,e280116060000205403e136b
477,-34,48.29255,e280116060000205403de047
478,-34,48.316113,e280116060000205403de047
1263,-31,48.333981,e280116060000205403e136b
479,-34,48.35058,e280116060000205403de047
1264,-31,48.35866,e280116060000205403e136b
1265,-31,48.377984,e280116060000205403e136b
480,-33,48.390118,e280116060000205403de047
1266,-31,48.414352,e280116060000205403e136b
481,-33,48.424554,e280116060000205403de047
1267,-31,48.440147,e280116060000205403e136b
1268,-31,48.459024,e280116060000205403e136b
1269,-31,48.4836,e280116060000205403e136b
1270,-31,48.502062,e280116060000205403e136b
1271,-31,48.51131,e280116060000205403e136b
1272,-31,48.523645,e280116060000205403e136b
1273,-31,48.536293,e280116060000205403e136b
1274,-31,48.557147,e280116060000205403e136b
1275,-31,48.57087,e280116060000205403e136b
482,-32,48.592367,e280116060000205403de047
1276,-30,48.608455,e280116060000205403e136b
483,-31,48.622667,e280116060000205403de047
1277,-30,48.635264,e280116060000205403e136b
484,-31,48.648648,e280116060000205403de047
485,-32,48.661261,e280116060000205403de047
486,-30,48.679438,e280116060000205403de047
1278,-30,48.695652,e280116060000205403e136b
1279,-30,48.714076,e280116060000205403e136b
1280,-30,48.744638,e280116060000205403e136b
1281,-30,48.763523,e280116060000205403e136b
487,-31,48.778882,e280116060000205403de047
488,-31,48.792685,e280116060000205403de047
489,-30,48.806447,e280116060000205403de047
490,-31,48.828744,e280116060000205403de047
1282,-31,48.838093,e280116060000205403e136b
1283,-31,48.865498,e280116060000205403e136b
1284,-31,48.879184,e280116060000205403e136b
491,-31,48.891689,e280116060000205403de047
1285,-31,48.913988,e280116060000205403e136b
492,-30,48.933586,e280116060000205403de047
1286,-31,48.951929,e280116060000205403e136b
493,-29,48.968281,e280116060000205403de047
1287,-30,48.988669,e280116060000205403e136b
1288,-30,49.007344,e280116060000205403e136b
1289,-30,49.02885,e280116060000205403e136b
494,-30,49.05767,e280116060000205403de047
1290,-29,49.079483,e280116060000205403e136b
1291,-29,49.092077,e280116060000205403e136b
1292,-29,49.126864,e280116060000205403e136b
495,-29,49.142884,e280116060000205403de047
496,-29,49.155345,e280116060000205403de047
1293,-31,49.168084,e280116060000205403e136b
497,-29,49.186285,e280116060000205403de047
1294,-30,49.209337,e280116060000205403e136b
1295,-31,49.221477,e280116060000205403e136b
498,-29,49.244973,e280116060000205403de047
499,-30,49.263447,e280116060000205403de047
500,-29,49.283958,e280116060000205403de047
1296,-32,49.292325,e280116060000205403e136b
501,-29,49.31049,e280116060000205403de047
502,-30,49.331889,e280116060000205403de047
503,-29,49.344427,e280116060000205403de047
504,-30,49.369165,e280116060000205403de047
1297,-32,49.384587,e280116060000205403e136b
505,-30,49.406445,e280116060000205403de047
1298,-32,49.432298,e280116060000205403e136b
1299,-32,49.451061,e280116060000205403e136b
506,-30,49.464914,e280116060000205403de047
507,-31,49.477426,e280116060000205403de047
508,-30,49.490757,e280116060000205403de047
1300,-32,49.501043,e280116060000205403e136b
1301,-32,49.513398,e280116060000205403e136b
1302,-32,49.54064,e280116060000205403e136b
1303,-32,49.552859,e280116060000205403e136b
1304,-32,49.56538,e280116060000205403e136b
509,-30,49.607519,e280116060000205403de047
510,-31,49.635675,e280116060000205403de047
1305,-31,49.648662,e280116060000205403e136b
511,-30,49.69787,e280116060000205403de047
1306,-31,49.710228,e280116060000205403e136b
1307,-32,49.723247,e280116060000205403e136b
1308,-31,49.744208,e280116060000205403e136b
1309,-31,49.768995,e280116060000205403e136b
512,-32,49.786138,e280116060000205403de047
1310,-32,49.805549,e280116060000205403e136b
513,-32,49.820377,e280116060000205403de047
1311,-33,49.840568,e280116060000205403e136b
1312,-33,49.8546,e280116060000205403e136b
1313,-33,49.881832,e280116060000205403e136b
514,-32,49.899408,e280116060000205403de047
515,-31,49.913201,e280116060000205403de047
516,-31,49.924874,e280116060000205403de047
517,-32,49.954434,e280116060000205403de047
1314,-32,49.975427,e280116060000205403e136b
1315,-32,49.994041,e280116060000205403e136b
1316,-32,50.012464,e280116060000205403e136b
518,-33,50.02164,e280116060000205403de047
519,-33,50.034472,e280116060000205403de047
520,-33,50.051769,e280116060000205403de047
1317,-30,50.063981,e280116060000205403e136b
521,-32,50.089221,e280116060000205403de047
1318,-33,50.102427,e280116060000205403e136b
1319,-33,50.116291,e280116060000205403e136b
522,-33,50.146857,e280116060000205403de047
523,-32,50.167474,e280116060000205403de047
524,-31,50.194701,e280116060000205403de047
1320,-32,50.220011,e280116060000205403e136b
1321,-32,50.248292,e280116060000205403e136b
525,-34,50.267059,e280116060000205403de047
526,-33,50.280896,e280116060000205403de047
1322,-31,50.310382,e280116060000205403e136b
1323,-30,50.324074,e280116060000205403e136b
527,-34,50.34285,e280116060000205403de047
1324,-33,50.359863,e280116060000205403e136b
528,-33,50.397967,e280116060000205403de047
1325,-32,50.418029,e280116060000205403e136b
529,-33,50.432021,e280116060000205403de047
530,-33,50.452733,e280116060000205403de047
1326,-31,50.466451,e280116060000205403e136b
531,-33,50.480249,e280116060000205403de047
532,-33,50.500793,e280116060000205403de047
533,-32,50.514352,e280116060000205403de047
1327,-31,50.565795,e280116060000205403e136b
1328,-31,50.58618,e280116060000205403e136b
534,-32,50.608646,e280116060000205403de047
535,-31,50.633716,e280116060000205403de047
1329,-31,50.667325,e280116060000205403e136b
536,-31,50.686447,e280116060000205403de047
1330,-31,50.69354,e280116060000205403e136b
1331,-31,50.711999,e280116060000205403e136b
537,-32,50.73345,e280116060000205403de047
1332,-32,50.748792,e280116060000205403e136b
538,-32,50.76267,e280116060000205403de047
539,-31,50.782289,e280116060000205403de047
1333,-31,50.799217,e280116060000205403e136b
1334,-31,50.819944,e280116060000205403e136b
1335,-31,50.84844,e280116060000205403e136b
540,-30,50.869086,e280116060000205403de047
1336,-31,50.886893,e280116060000205403e136b
1337,-31,50.90006,e280116060000205403e136b
1338,-31,50.925233,e280116060000205403e136b
1339,-31,50.938983,e280116060000205403e136b
541,-30,50.95289,e280116060000205403de047
542,-30,50.973612,e280116060000205403de047
543,-29,50.987183,e280116060000205403de047
1340,-31,51.001733,e280116060000205403e136b
544,-30,51.020283,e280116060000205403de047
545,-29,51.07344,e280116060000205403de047
1341,-31,51.09896,e280116060000205403e136b
546,-29,51.107893,e280116060000205403de047
547,-29,51.128196,e280116060000205403de047
548,-29,51.152438,e280116060000205403de047
1342,-31,51.176084,e280116060000205403e136b
1343,-31,51.201551,e280116060000205403e136b
549,-29,51.226487,e280116060000205403de047
550,-29,51.256671,e280116060000205403de047
551,-29,51.270599,e280116060000205403de047
1344,-32,51.301645,e280116060000205403e136b
1345,-32,51.329129,e280116060000205403e136b
552,-29,51.349168,e280116060000205403de047
553,-29,51.371925,e280116060000205403de047
554,-30,51.396269,e280116060000205403de047
1346,-32,51.40878,e280116060000205403e136b
1347,-30,51.421405,e280116060000205403e136b
555,-30,51.433072,e280116060000205403de047
1348,-31,51.446172,e280116060000205403e136b
556,-30,51.467099,e280116060000205403de047
557,-29,51.487482,e280116060000205403de047
1349,-30,51.506152,e280116060000205403e136b
558,-30,51.520419,e280116060000205403de047
559,-30,51.539859,e280116060000205403de047
1350,-30,51.547796,e280116060000205403e136b
560,-29,51.563434,e280116060000205403de047
561,-30,51.577329,e280116060000205403de047
562,-30,51.610169,e280116060000205403de047
1351,-29,51.625989,e280116060000205403e136b
1352,-29,51.645465,e280116060000205403e136b
563,-29,51.669646,e280116060000205403de047
564,-30,51.682856,e280116060000205403de047
1353,-31,51.709819,e280116060000205403e136b
1354,-31,51.721989,e280116060000205403e136b
1355,-31,51.734349,e280116060000205403e136b
1356,-31,51.74671,e280116060000205403e136b
565,-30,51.774889,e280116060000205403de047
566,-31,51.787503,e280116060000205403de047
1357,-31,51.805625,e280116060000205403e136b
567,-30,51.812373,e280116060000205403de047
1358,-30,51.830656,e280116060000205403e136b
568,-32,51.839196,e280116060000205403de047
569,-31,51.869845,e280116060000205403de047
570,-31,51.888587,e280116060000205403de047
571,-32,51.913668,e280116060000205403de047
572,-31,51.925911,e280116060000205403de047
573,-30,51.94469,e280116060000205403de047
574,-30,51.957295,e280116060000205403de047
1359,-30,51.970362,e280116060000205403e136b
575,-32,51.991186,e280116060000205403de047
1360,-30,52.004567,e280116060000205403e136b
576,-33,52.034038,e280116060000205403de047
1361,-30,52.050216,e280116060000205403e136b
1362,-30,52.070656,e280116060000205403e136b
577,-32,52.087713,e280116060000205403de047
578,-33,52.101937,e280116060000205403de047
1363,-31,52.131693,e280116060000205403e136b
579,-34,52.143078,e280116060000205403de047
580,-34,52.156438,e280116060000205403de047
581,-35,52.18345,e280116060000205403de047
1364,-30,52.198082,e280116060000205403e136b
582,-34,52.214305,e280116060000205403de047
1365,-30,52.222998,e280116060000205403e136b
583,-33,52.238814,e280116060000205403de047
584,-33,52.257644,e280116060000205403de047
585,-32,52.271489,e280116060000205403de047
1366,-30,52.282415,e280116060000205403e136b
586,-33,52.305568,e280116060000205403de047
587,-30,52.3332,e280116060000205403de047
588,-34,52.353758,e280116060000205403de047
1367,-32,52.364412,e280116060000205403e136b
1368,-32,52.378071,e280116060000205403e136b
1369,-32,52.391847,e280116060000205403e136b
589,-33,52.421223,e280116060000205403de047
1370,-31,52.451303,e280116060000205403e136b
1371,-31,52.464071,e280116060000205403e136b
590,-33,52.481633,e280116060000205403de047
1372,-32,52.49801,e280116060000205403e136b
591,-33,52.522068,e280116060000205403de047
592,-30,52.534151,e280116060000205403de047
1373,-31,52.553379,e280116060000205403e136b
593,-34,52.571454,e280116060000205403de047
594,-32,52.585161,e280116060000205403de047
595,-31,52.61231,e280116060000205403de047
596,-32,52.638059,e280116060000205403de047
1374,-32,52.656364,e280116060000205403e136b
597,-32,52.677727,e280116060000205403de047
598,-33,52.718716,e280116060000205403de047
599,-31,52.73897,e280116060000205403de047
600,-31,52.752687,e280116060000205403de047
1375,-31,52.766307,e280116060000205403e136b
601,-31,52.780044,e280116060000205403de047
602,-30,52.814594,e280116060000205403de047
1376,-31,52.832393,e280116060000205403e136b
1377,-31,52.844764,e280116060000205403e136b
603,-31,52.863437,e280116060000205403de047
1378,-31,52.882121,e280116060000205403e136b
604,-30,52.900931,e280116060000205403de047
1379,-29,52.919583,e280116060000205403e136b
605,-29,52.940668,e280116060000205403de047
1380,-30,52.958695,e280116060000205403e136b
606,-30,52.994724,e280116060000205403de047
607,-29,53.006802,e280116060000205403de047
608,-30,53.0194,e280116060000205403de047
609,-29,53.032827,e280116060000205403de047
1381,-31,53.053537,e280116060000205403e136b
1382,-31,53.065847,e280116060000205403e136b
610,-29,53.083197,e280116060000205403de047
611,-30,53.101973,e280116060000205403de047
612,-29,53.120493,e280116060000205403de047
1383,-31,53.139687,e280116060000205403e136b
1384,-31,53.16718,e280116060000205403e136b
613,-29,53.178031,e280116060000205403de047
614,-29,53.196349,e280116060000205403de047
1385,-29,53.212112,e280116060000205403e136b
1386,-29,53.246187,e280116060000205403e136b
615,-30,53.257495,e280116060000205403de047
1387,-32,53.280818,e280116060000205403e136b
1388,-33,53.294514,e280116060000205403e136b
1389,-33,53.315393,e280116060000205403e136b
616,-29,53.340512,e280116060000205403de047
1390,-31,53.356658,e280116060000205403e136b
1391,-31,53.387805,e280116060000205403e136b
1392,-30,53.410932,e280116060000205403e136b
1393,-30,53.424753,e280116060000205403e136b
617,-29,53.431718,e280116060000205403de047
1394,-30,53.450922,e280116060000205403e136b
618,-29,53.466204,e280116060000205403de047
1395,-30,53.487962,e280116060000205403e136b
1396,-30,53.513241,e280116060000205403e136b
1397,-30,53.525952,e280116060000205403e136b
619,-30,53.548097,e280116060000205403de047
1398,-31,53.558732,e280116060000205403e136b
1399,-31,53.572895,e280116060000205403e136b
620,-31,53.603044,e280116060000205403de047
621,-30,53.621371,e280116060000205403de047
622,-31,53.633777,e280116060000205403de047
623,-31,53.652394,e280116060000205403de047
1400,-31,53.676377,e280116060000205403e136b
1401,-31,53.716578,e280116060000205403e136b
1402,-31,53.735188,e280116060000205403e136b
624,-31,53.744399,e280116060000205403de047
625,-32,53.762768,e280116060000205403de047
1403,-32,53.778094,e280116060000205403e136b
1404,-32,53.79041,e280116060000205403e136b
626,-31,53.809141,e280116060000205403de047
627,-29,53.835608,e280116060000205403de047
1405,-31,53.855136,e280116060000205403e136b
1406,-31,53.874913,e280116060000205403e136b
628,-31,53.898368,e280116060000205403de047
629,-32,53.916487,e280116060000205403de047
1407,-31,53.947463,e280116060000205403e136b
630,-33,53.9595,e280116060000205403de047
1408,-31,53.972256,e280116060000205403e136b
631,-33,53.990546,e280116060000205403de047
1409,-31,54.007253,e280116060000205403e136b
1410,-31,54.040279,e280116060000205403e136b
632,-33,54.064168,e280116060000205403de047
633,-33,54.102493,e280116060000205403de047
1411,-31,54.133029,e280116060000205403e136b
634,-32,54.153524,e280116060000205403de047
635,-33,54.167271,e280116060000205403de047
1412,-31,54.179415,e280116060000205403e136b
1413,-31,54.192313,e280116060000205403e136b
636,-34,54.210231,e280116060000205403de047
637,-33,54.2224,e280116060000205403de047
638,-33,54.241883,e280116060000205403de047
639,-34,54.260333,e280116060000205403de047
640,-34,54.27908,e280116060000205403de047
1414,-32,54.286736,e280116060000205403e136b
641,-34,54.313988,e280116060000205403de047
642,-34,54.332706,e280116060000205403de047
1415,-32,54.361079,e280116060000205403e136b
1416,-31,54.409419,e280116060000205403e136b
1417,-32,54.42297,e280116060000205403e136b
1418,-32,54.436953,e280116060000205403e136b
1419,-32,54.457428,e280116060000205403e136b
643,-33,54.491816,e280116060000205403de047
644,-33,54.523011,e280116060000205403de047
1420,-30,54.541201,e280116060000205403e136b
645,-30,54.564835,e280116060000205403de047
646,-32,54.595254,e280116060000205403de047
647,-32,54.60783,e280116060000205403de047
648,-30,54.620643,e280116060000205403de047
649,-32,54.641481,e280116060000205403de047
1421,-32,54.651472,e280116060000205403e136b
650,-31,54.683863,e280116060000205403de047
651,-30,54.702578,e280116060000205403de047
1422,-31,54.719578,e280116060000205403e136b
1423,-31,54.733391,e280116060000205403e136b
652,-31,54.748627,e280116060000205403de047
653,-31,54.779876,e280116060000205403de047
1424,-32,54.795102,e280116060000205403e136b
1425,-31,54.810357,e280116060000205403e136b
654,-30,54.832317,e280116060000205403de047
655,-30,54.851635,e280116060000205403de047
656,-30,54.893215,e280116060000205403de047
1426,-32,54.922129,e280116060000205403e136b
657,-30,54.941441,e280116060000205403de047
1427,-32,54.9807,e280116060000205403e136b
658,-30,54.989768,e280116060000205403de047
1428,-31,55.008183,e280116060000205403e136b
659,-29,55.023511,e280116060000205403de047
660,-30,55.048912,e280116060000205403de047
661,-29,55.086941,e280116060000205403de047
662,-30,55.105291,e280116060000205403de047
663,-29,55.121058,e280116060000205403de047
1429,-32,55.130838,e280116060000205403e136b
1430,-32,55.158155,e280116060000205403e136b
1431,-32,55.172071,e280116060000205403e136b
664,-29,55.200941,e280116060000205403de047
665,-29,55.213199,e280116060000205403de047
1432,-32,55.233783,e280116060000205403e136b
666,-29,55.248803,e280116060000205403de047
667,-29,55.273412,e280116060000205403de047
668,-29,55.286092,e280116060000205403de047
669,-29,55.298399,e280116060000205403de047
1433,-32,55.32813,e280116060000205403e136b
670,-29,55.344735,e280116060000205403de047
1434,-32,55.365582,e280116060000205403e136b
671,-30,55.389757,e280116060000205403de047
672,-31,55.402576,e280116060000205403de047
673,-30,55.416441,e280116060000205403de047
1435,-32,55.425071,e280116060000205403e136b
1436,-32,55.444933,e280116060000205403e136b
674,-30,55.483799,e280116060000205403de047
1437,-31,55.521386,e280116060000205403e136b
675,-29,55.53626,e280116060000205403de047
1438,-30,55.566642,e280116060000205403e136b
676,-31,55.579753,e280116060000205403de047
677,-29,55.592228,e280116060000205403de047
1439,-30,55.618865,e280116060000205403e136b
678,-30,55.626277,e280116060000205403de047
679,-30,55.639897,e280116060000205403de047
1440,-31,55.657359,e280116060000205403e136b
1441,-31,55.669579,e280116060000205403e136b
1442,-31,55.682091,e280116060000205403e136b
1443,-31,55.707313,e280116060000205403e136b
680,-31,55.71758,e280116060000205403de047
681,-32,55.738855,e280116060000205403de047
682,-31,55.751452,e280116060000205403de047
683,-31,55.769939,e280116060000205403de047
684,-31,55.788388,e280116060000205403de047
1444,-31,55.80649,e280116060000205403e136b
1445,-31,55.829045,e280116060000205403e136b
685,-32,55.840555,e280116060000205403de047
686,-32,55.852919,e280116060000205403de047
1446,-31,55.86865,e280116060000205403e136b
687,-32,55.87769,e280116060000205403de047
688,-33,55.915091,e280116060000205403de047
1447,-32,55.93238,e280116060000205403e136b
689,-33,55.94909,e280116060000205403de047
690,-32,55.961189,e280116060000205403de047
691,-32,55.986286,e280116060000205403de047
692,-33,55.998276,e280116060000205403de047
693,-32,56.010647,e280116060000205403de047
1448,-32,56.031567,e280116060000205403e136b
694,-33,56.067923,e280116060000205403de047
695,-33,56.088446,e280116060000205403de047
1449,-31,56.120318,e280116060000205403e136b
696,-33,56.136316,e280116060000205403de047
697,-33,56.150121,e280116060000205403de047
698,-33,56.168554,e280116060000205403de047
1450,-31,56.176225,e280116060000205403e136b
1451,-31,56.188591,e280116060000205403e136b
699,-33,56.205351,e280116060000205403de047
700,-31,56.217271,e280116060000205403de047
701,-33,56.229382,e280116060000205403de047
702,-33,56.265298,e280116060000205403de047
1452,-30,56.276398,e280116060000205403e136b
1453,-30,56.297425,e280116060000205403e136b
1454,-30,56.315741,e280116060000205403e136b
703,-34,56.32375,e280116060000205403de047
1455,-32,56.333979,e280116060000205403e136b
1456,-32,56.352845,e280116060000205403e136b
704,-33,56.386381,e280116060000205403de047
705,-31,56.398124,e280116060000205403de047
1457,-32,56.440644,e280116060000205403e136b
1458,-32,56.465161,e280116060000205403e136b
706,-33,56.488143,e280116060000205403de047
1459,-32,56.498892,e280116060000205403e136b
707,-33,56.525241,e280116060000205403de047
1460,-31,56.545352,e280116060000205403e136b
1461,-31,56.55767,e280116060000205403e136b
708,-32,56.573749,e280116060000205403de047
709,-32,56.594519,e280116060000205403de047
710,-32,56.619726,e280116060000205403de047
711,-31,56.632151,e280116060000205403de047
1462,-31,56.654522,e280116060000205403e136b
1463,-31,56.688959,e280116060000205403e136b
1464,-31,56.720164,e280116060000205403e136b
712,-31,56.734063,e280116060000205403de047
1465,-32,56.751937,e280116060000205403e136b
1466,-32,56.764389,e280116060000205403e136b
1467,-32,56.784198,e280116060000205403e136b
713,-31,56.805191,e280116060000205403de047
714,-31,56.826478,e280116060000205403de047
715,-29,56.838218,e280116060000205403de047
716,-31,56.857516,e280116060000205403de047
1468,-31,56.894186,e280116060000205403e136b
1469,-31,56.912674,e280116060000205403e136b
717,-30,56.94922,e280116060000205403de047
718,-30,56.962998,e280116060000205403de047
1470,-31,56.983446,e280116060000205403e136b
719,-30,56.994303,e280116060000205403de047
720,-29,57.006367,e280116060000205403de047
1471,-30,57.016845,e280116060000205403e136b
721,-29,57.040546,e280116060000205403de047
722,-29,57.058075,e280116060000205403de047
1472,-30,57.07346,e280116060000205403e136b
1473,-30,57.087399,e280116060000205403e136b
1474,-30,57.101123,e280116060000205403e136b
723,-29,57.111466,e280116060000205403de047
724,-29,57.124035,e280116060000205403de047
1475,-30,57.150738,e280116060000205403e136b
725,-29,57.15777,e280116060000205403de047
1476,-30,57.175651,e280116060000205403e136b
726,-29,57.199715,e280116060000205403de047
727,-29,57.213445,e280116060000205403de047
1477,-30,57.224867,e280116060000205403e136b
1478,-30,57.246124,e280116060000205403e136b
1479,-30,57.264467,e280116060000205403e136b
1480,-30,57.288628,e280116060000205403e136b
1481,-30,57.313422,e280116060000205403e136b
728,-29,57.354513,e280116060000205403de047
729,-29,57.368343,e280116060000205403de047
730,-29,57.389006,e280116060000205403de047
731,-29,57.409439,e280116060000205403de047
732,-29,57.441612,e280116060000205403de047
733,-29,57.46304,e280116060000205403de047
1482,-31,57.476589,e280116060000205403e136b
734,-30,57.487849,e280116060000205403de047
1483,-31,57.514123,e280116060000205403e136b
1484,-31,57.520393,e280116060000205403e136b
1485,-31,57.532623,e280116060000205403e136b
1486,-32,57.56019,e280116060000205403e136b
1487,-32,57.572763,e280116060000205403e136b
1488,-32,57.597509,e280116060000205403e136b
1489,-32,57.609645,e280116060000205403e136b
1490,-32,57.643323,e280116060000205403e136b
735,-32,57.65894,e280116060000205403de047
1491,-33,57.688084,e280116060000205403e136b
1492,-33,57.712877,e280116060000205403e136b
1493,-32,57.746947,e280116060000205403e136b
1494,-32,57.777776,e280116060000205403e136b
736,-31,57.791886,e280116060000205403de047
737,-33,57.804154,e280116060000205403de047
738,-31,57.822839,e280116060000205403de047
1495,-30,57.840284,e280116060000205403e136b
1496,-30,57.854109,e280116060000205403e136b
739,-31,57.863665,e280116060000205403de047
1497,-31,57.88839,e280116060000205403e136b
1498,-31,57.902136,e280116060000205403e136b
740,-32,57.919684,e280116060000205403de047
1499,-30,57.929894,e280116060000205403e136b
741,-31,57.953879,e280116060000205403de047
1500,-29,57.966811,e280116060000205403e136b
1501,-29,57.979557,e280116060000205403e136b
742,-32,58.001839,e280116060000205403de047
1502,-32,58.010652,e280116060000205403e136b
743,-33,58.0266,e280116060000205403de047
744,-32,58.045382,e280116060000205403de047
1503,-31,58.070608,e280116060000205403e136b
1504,-31,58.101208,e280116060000205403e136b
745,-33,58.119096,e280116060000205403de047
746,-31,58.143899,e280116060000205403de047
1505,-30,58.154966,e280116060000205403e136b
1506,-30,58.182797,e280116060000205403e136b
747,-34,58.20421,e280116060000205403de047
748,-34,58.224994,e280116060000205403de047
749,-33,58.25027,e280116060000205403de047
750,-33,58.278023,e280116060000205403de047
1507,-30,58.285669,e280116060000205403e136b
1508,-30,58.312139,e280116060000205403e136b
751,-32,58.321227,e280116060000205403de047
752,-32,58.345968,e280116060000205403de047
753,-33,58.398173,e280116060000205403de047
1509,-33,58.414803,e280116060000205403e136b
754,-32,58.441813,e280116060000205403de047
1510,-30,58.458039,e280116060000205403e136b
1511,-30,58.470858,e280116060000205403e136b
755,-33,58.493034,e280116060000205403de047
1512,-30,58.518058,e280116060000205403e136b
1513,-30,58.531761,e280116060000205403e136b
756,-32,58.555551,e280116060000205403de047
757,-32,58.589304,e280116060000205403de047
1514,-30,58.607546,e280116060000205403e136b
758,-32,58.638594,e280116060000205403de047
759,-33,58.663277,e280116060000205403de047
760,-32,58.692756,e280116060000205403de047
1515,-31,58.731479,e280116060000205403e136b
761,-30,58.752011,e280116060000205403de047
1516,-30,58.765951,e280116060000205403e136b
762,-31,58.785906,e280116060000205403de047
763,-31,58.79838,e280116060000205403de047
1517,-31,58.814701,e280116060000205403e136b
1518,-31,58.835558,e280116060000205403e136b
1519,-31,58.849459,e280116060000205403e136b
1520,-31,58.871537,e280116060000205403e136b
764,-30,58.879281,e280116060000205403de047
1521,-31,58.892583,e280116060000205403e136b
765,-29,58.916296,e280116060000205403de047
1522,-29,58.933363,e280116060000205403e136b
1523,-31,58.946131,e280116060000205403e136b
766,-30,58.952782,e280116060000205403de047
767,-30,58.965371,e280116060000205403de047
768,-29,58.99289,e280116060000205403de047
1524,-30,59.03495,e280116060000205403e136b
769,-30,59.043908,e280116060000205403de047
770,-30,59.056213,e280116060000205403de047
771,-29,59.083669,e280116060000205403de047
772,-29,59.103296,e280116060000205403de047
1525,-30,59.113999,e280116060000205403e136b
773,-29,59.12773,e280116060000205403de047
774,-29,59.140536,e280116060000205403de047
1526,-31,59.155162,e280116060000205403e136b
1527,-31,59.195428,e280116060000205403e136b
775,-29,59.208328,e280116060000205403de047
1528,-30,59.231927,e280116060000205403e136b
776,-30,59.264193,e280116060000205403de047
1529,-32,59.278831,e280116060000205403e136b
1530,-33,59.292855,e280116060000205403e136b
1531,-32,59.313328,e280116060000205403e136b
777,-29,59.328907,e280116060000205403de047
778,-29,59.341428,e280116060000205403de047
1532,-31,59.351248,e280116060000205403e136b
779,-29,59.359501,e280116060000205403de047
780,-29,59.371961,e280116060000205403de047
1533,-31,59.386193,e280116060000205403e136b
781,-29,59.415655,e280116060000205403de047
782,-30,59.440832,e280116060000205403de047
1534,-32,59.465307,e280116060000205403e136b
783,-30,59.487087,e280116060000205403de047
784,-32,59.500772,e280116060000205403de047
1535,-33,59.516997,e280116060000205403e136b
785,-30,59.534253,e280116060000205403de047
786,-32,59.546853,e280116060000205403de047
1536,-33,59.576604,e280116060000205403e136b
1537,-33,59.58903,e280116060000205403e136b
1538,-33,59.601315,e280116060000205403e136b
787,-31,59.631725,e280116060000205403de047
788,-30,59.645485,e280116060000205403de047
789,-31,59.672763,e280116060000205403de047
790,-32,59.686704,e280116060000205403de047
791,-30,59.707777,e280116060000205403de047
792,-31,59.727289,e280116060000205403de047
1539,-32,59.74507,e280116060000205403e136b
793,-31,59.752331,e280116060000205403de047
1540,-32,59.764063,e280116060000205403e136b
1541,-32,59.778977,e280116060000205403e136b
1542,-32,59.797859,e280116060000205403e136b
794,-31,59.81215,e280116060000205403de047
1543,-32,59.828631,e280116060000205403e136b
1544,-32,59.853307,e280116060000205403e136b
1545,-31,59.87497,e280116060000205403e136b
795,-32,59.883132,e280116060000205403de047
796,-29,59.91106,e280116060000205403de047
1546,-31,59.932119,e280116060000205403e136b
1547,-31,59.953083,e280116060000205403e136b
1548,-31,59.966735,e280116060000205403e136b
